"Time","trump","kamala","Election"
"2026-09-13T22:56:00Z",67,1,10
"2026-09-13T23:12:00Z",69,1,9
"2026-09-13T23:28:00Z",64,1,9
"2026-09-13T23:44:00Z",69,1,9
"2026-09-14T00:00:00Z",72,1,10
"2026-09-14T00:16:00Z",80,1,10
"2026-09-14T00:32:00Z",75,1,10
"2026-09-14T00:48:00Z",69,2,9
"2026-09-14T01:04:00Z",69,1,9
"2026-09-14T01:20:00Z",70,1,10
"2026-09-14T01:36:00Z",70,1,9
"2026-09-14T01:52:00Z",67,1,9
"2026-09-14T02:08:00Z",66,2,10
"2026-09-14T02:24:00Z",73,1,10
"2026-09-14T02:40:00Z",77,1,10
"2026-09-14T02:56:00Z",64,1,10
"2026-09-14T03:12:00Z",65,1,10
"2026-09-14T03:28:00Z",61,1,10
"2026-09-14T03:44:00Z",64,1,11
"2026-09-14T04:00:00Z",64,1,12
"2026-09-14T04:16:00Z",64,1,11
"2026-09-14T04:32:00Z",74,1,12
"2026-09-14T04:48:00Z",62,2,11
"2026-09-14T05:04:00Z",61,1,12
"2026-09-14T05:20:00Z",60,1,14
"2026-09-14T05:36:00Z",61,1,12
"2026-09-14T05:52:00Z",59,1,13
"2026-09-14T06:08:00Z",55,2,15
"2026-09-14T06:24:00Z",52,2,16
"2026-09-14T06:40:00Z",55,2,16
"2026-09-14T06:56:00Z",55,2,14
"2026-09-14T07:12:00Z",49,1,13
"2026-09-14T07:28:00Z",54,2,14
"2026-09-14T07:44:00Z",60,1,9
"2026-09-14T08:00:00Z",57,3,13
"2026-09-14T08:16:00Z",57,1,10
"2026-09-14T08:32:00Z",60,2,12
"2026-09-14T08:48:00Z",68,1,11
"2026-09-14T09:04:00Z",69,2,11
"2026-09-14T09:20:00Z",68,2,10
"2026-09-14T09:36:00Z",72,2,10
"2026-09-14T09:52:00Z",74,2,10
"2026-09-14T10:08:00Z",77,0,12
"2026-09-14T10:24:00Z",80,1,10
"2026-09-14T10:40:00Z",79,1,11
"2026-09-14T10:56:00Z",77,1,10
"2026-09-14T11:12:00Z",77,1,11
"2026-09-14T11:28:00Z",77,2,12
"2026-09-14T11:44:00Z",73,1,12
"2026-09-14T12:00:00Z",71,1,11
"2026-09-14T12:16:00Z",66,1,11
"2026-09-14T12:32:00Z",67,1,12
"2026-09-14T12:48:00Z",67,1,14
"2026-09-14T13:04:00Z",63,1,12
"2026-09-14T13:20:00Z",59,1,13
"2026-09-14T13:36:00Z",58,1,13
"2026-09-14T13:52:00Z",58,1,13
"2026-09-14T14:08:00Z",58,1,12
"2026-09-14T14:24:00Z",65,1,13
"2026-09-14T14:40:00Z",62,1,12
"2026-09-14T14:56:00Z",65,1,13
"2026-09-14T15:12:00Z",63,1,12
"2026-09-14T15:28:00Z",64,1,12
"2026-09-14T15:44:00Z",63,1,12
"2026-09-14T16:00:00Z",61,1,13
"2026-09-14T16:16:00Z",67,1,12
"2026-09-14T16:32:00Z",71,1,13
"2026-09-14T16:48:00Z",68,1,13
"2026-09-14T17:04:00Z",73,1,12
"2026-09-14T17:20:00Z",73,1,12
"2026-09-14T17:36:00Z",72,1,12
"2026-09-14T17:52:00Z",69,1,12
"2026-09-14T18:08:00Z",71,1,12
"2026-09-14T18:24:00Z",72,1,12
"2026-09-14T18:40:00Z",69,1,12
"2026-09-14T18:56:00Z",68,1,11
"2026-09-14T19:12:00Z",70,1,11
"2026-09-14T19:28:00Z",71,1,11
"2026-09-14T19:44:00Z",71,1,11
"2026-09-14T20:00:00Z",70,1,11
"2026-09-14T20:16:00Z",71,1,11
"2026-09-14T20:32:00Z",70,1,11
"2026-09-14T20:48:00Z",77,1,11
"2026-09-14T21:04:00Z",77,1,12
"2026-09-14T21:20:00Z",71,1,11
"2026-09-14T21:36:00Z",74,1,11
"2026-09-14T21:52:00Z",83,1,12
"2026-09-14T22:08:00Z",73,1,11
"2026-09-14T22:24:00Z",84,2,11
"2026-09-14T22:40:00Z",100,2,11